package,script
Seurat,Mutant/3D models/plot_3D_expression.Rmd
dplyr,Mutant/3D models/plot_3D_expression.Rmd
htmlwidgets,Mutant/3D models/plot_3D_expression.Rmd
plotly,Mutant/3D models/plot_3D_expression.Rmd
Seurat,Mutant/3D models/plot_3D_expression_Starvation.Rmd
dplyr,Mutant/3D models/plot_3D_expression_Starvation.Rmd
htmlwidgets,Mutant/3D models/plot_3D_expression_Starvation.Rmd
plotly,Mutant/3D models/plot_3D_expression_Starvation.Rmd
Matrix,Mutant/3D models/progenitor_analysis.Rmd
Matrix.utils,Mutant/3D models/progenitor_analysis.Rmd
Seurat,Mutant/3D models/progenitor_analysis.Rmd
dplyr,Mutant/3D models/progenitor_analysis.Rmd
ggplot2,Mutant/3D models/progenitor_analysis.Rmd
patchwork,Mutant/3D models/progenitor_analysis.Rmd
plotly,Mutant/3D models/progenitor_analysis.Rmd
shiny,Mutant/3D models/progenitor_analysis.Rmd
viridis,Mutant/3D models/progenitor_analysis.Rmd
zoo,Mutant/3D models/progenitor_analysis.Rmd
Seurat,Mutant/3D models/topological_association_analysis.Rmd
clusterProfiler,Mutant/3D models/topological_association_analysis.Rmd
dbscan,Mutant/3D models/topological_association_analysis.Rmd
dplyr,Mutant/3D models/topological_association_analysis.Rmd
ggplot2,Mutant/3D models/topological_association_analysis.Rmd
org.Dm.eg.db,Mutant/3D models/topological_association_analysis.Rmd
plotly,Mutant/3D models/topological_association_analysis.Rmd
Seurat,Mutant/3D models/topological_association_analysis_SC.Rmd
clusterProfiler,Mutant/3D models/topological_association_analysis_SC.Rmd
dbscan,Mutant/3D models/topological_association_analysis_SC.Rmd
dplyr,Mutant/3D models/topological_association_analysis_SC.Rmd
ggplot2,Mutant/3D models/topological_association_analysis_SC.Rmd
org.Dm.eg.db,Mutant/3D models/topological_association_analysis_SC.Rmd
plotly,Mutant/3D models/topological_association_analysis_SC.Rmd
Seurat,Mutant/Bin-level-analysis/3D_UMAP_Analysis.Rmd
dplyr,Mutant/Bin-level-analysis/3D_UMAP_Analysis.Rmd
ggplot2,Mutant/Bin-level-analysis/3D_UMAP_Analysis.Rmd
monocle3,Mutant/Bin-level-analysis/3D_UMAP_Analysis.Rmd
plotly,Mutant/Bin-level-analysis/3D_UMAP_Analysis.Rmd
sf,Mutant/Bin-level-analysis/3D_UMAP_Analysis.Rmd
shiny,Mutant/Bin-level-analysis/3D_UMAP_Analysis.Rmd
viridis,Mutant/Bin-level-analysis/3D_UMAP_Analysis.Rmd
AnnotationDbi,Mutant/Bin-level-analysis/Processing.Rmd
Matrix,Mutant/Bin-level-analysis/Processing.Rmd
Matrix.utils,Mutant/Bin-level-analysis/Processing.Rmd
R.utils,Mutant/Bin-level-analysis/Processing.Rmd
Seurat,Mutant/Bin-level-analysis/Processing.Rmd
SeuratDisk,Mutant/Bin-level-analysis/Processing.Rmd
SpatialExperiment,Mutant/Bin-level-analysis/Processing.Rmd
SummarizedExperiment,Mutant/Bin-level-analysis/Processing.Rmd
anndataR,Mutant/Bin-level-analysis/Processing.Rmd
arrow,Mutant/Bin-level-analysis/Processing.Rmd
data.table,Mutant/Bin-level-analysis/Processing.Rmd
dplyr,Mutant/Bin-level-analysis/Processing.Rmd
ggplot2,Mutant/Bin-level-analysis/Processing.Rmd
ggspavis,Mutant/Bin-level-analysis/Processing.Rmd
hdf5r,Mutant/Bin-level-analysis/Processing.Rmd
org.Dm.eg.db,Mutant/Bin-level-analysis/Processing.Rmd
readr,Mutant/Bin-level-analysis/Processing.Rmd
rhdf5,Mutant/Bin-level-analysis/Processing.Rmd
spacexr,Mutant/Bin-level-analysis/Processing.Rmd
stringr,Mutant/Bin-level-analysis/Processing.Rmd
AnnotationDbi,Mutant/Bin-level-analysis/Region dec.Rmd
Matrix,Mutant/Bin-level-analysis/Region dec.Rmd
Matrix.utils,Mutant/Bin-level-analysis/Region dec.Rmd
R.utils,Mutant/Bin-level-analysis/Region dec.Rmd
Seurat,Mutant/Bin-level-analysis/Region dec.Rmd
SeuratDisk,Mutant/Bin-level-analysis/Region dec.Rmd
SpatialExperiment,Mutant/Bin-level-analysis/Region dec.Rmd
SummarizedExperiment,Mutant/Bin-level-analysis/Region dec.Rmd
anndataR,Mutant/Bin-level-analysis/Region dec.Rmd
arrow,Mutant/Bin-level-analysis/Region dec.Rmd
clusterProfiler,Mutant/Bin-level-analysis/Region dec.Rmd
data.table,Mutant/Bin-level-analysis/Region dec.Rmd
dplyr,Mutant/Bin-level-analysis/Region dec.Rmd
ggplot2,Mutant/Bin-level-analysis/Region dec.Rmd
ggspavis,Mutant/Bin-level-analysis/Region dec.Rmd
hdf5r,Mutant/Bin-level-analysis/Region dec.Rmd
org.Dm.eg.db,Mutant/Bin-level-analysis/Region dec.Rmd
presto,Mutant/Bin-level-analysis/Region dec.Rmd
readr,Mutant/Bin-level-analysis/Region dec.Rmd
rhdf5,Mutant/Bin-level-analysis/Region dec.Rmd
spacexr,Mutant/Bin-level-analysis/Region dec.Rmd
stringr,Mutant/Bin-level-analysis/Region dec.Rmd
AnnotationDbi,Mutant/Bin-level-analysis/Trajectory.Rmd
Matrix,Mutant/Bin-level-analysis/Trajectory.Rmd
Matrix.utils,Mutant/Bin-level-analysis/Trajectory.Rmd
R.utils,Mutant/Bin-level-analysis/Trajectory.Rmd
RColorBrewer,Mutant/Bin-level-analysis/Trajectory.Rmd
Seurat,Mutant/Bin-level-analysis/Trajectory.Rmd
SeuratDisk,Mutant/Bin-level-analysis/Trajectory.Rmd
SeuratWrappers,Mutant/Bin-level-analysis/Trajectory.Rmd
SingleCellExperiment,Mutant/Bin-level-analysis/Trajectory.Rmd
SpatialExperiment,Mutant/Bin-level-analysis/Trajectory.Rmd
SummarizedExperiment,Mutant/Bin-level-analysis/Trajectory.Rmd
anndataR,Mutant/Bin-level-analysis/Trajectory.Rmd
arrow,Mutant/Bin-level-analysis/Trajectory.Rmd
clusterProfiler,Mutant/Bin-level-analysis/Trajectory.Rmd
data.table,Mutant/Bin-level-analysis/Trajectory.Rmd
dplyr,Mutant/Bin-level-analysis/Trajectory.Rmd
ggplot2,Mutant/Bin-level-analysis/Trajectory.Rmd
ggspavis,Mutant/Bin-level-analysis/Trajectory.Rmd
hdf5r,Mutant/Bin-level-analysis/Trajectory.Rmd
monocle,Mutant/Bin-level-analysis/Trajectory.Rmd
monocle3,Mutant/Bin-level-analysis/Trajectory.Rmd
org.Dm.eg.db,Mutant/Bin-level-analysis/Trajectory.Rmd
plotly,Mutant/Bin-level-analysis/Trajectory.Rmd
presto,Mutant/Bin-level-analysis/Trajectory.Rmd
readr,Mutant/Bin-level-analysis/Trajectory.Rmd
reticulate,Mutant/Bin-level-analysis/Trajectory.Rmd
rhdf5,Mutant/Bin-level-analysis/Trajectory.Rmd
sf,Mutant/Bin-level-analysis/Trajectory.Rmd
shiny,Mutant/Bin-level-analysis/Trajectory.Rmd
spacexr,Mutant/Bin-level-analysis/Trajectory.Rmd
stringr,Mutant/Bin-level-analysis/Trajectory.Rmd
tidyr,Mutant/Bin-level-analysis/Trajectory.Rmd
tidyverse,Mutant/Bin-level-analysis/Trajectory.Rmd
viridis,Mutant/Bin-level-analysis/Trajectory.Rmd
AnnotationDbi,Mutant/Bin-level-analysis/Unk_temp.Rmd
Matrix,Mutant/Bin-level-analysis/Unk_temp.Rmd
Matrix.utils,Mutant/Bin-level-analysis/Unk_temp.Rmd
R.utils,Mutant/Bin-level-analysis/Unk_temp.Rmd
Seurat,Mutant/Bin-level-analysis/Unk_temp.Rmd
SeuratDisk,Mutant/Bin-level-analysis/Unk_temp.Rmd
SpatialExperiment,Mutant/Bin-level-analysis/Unk_temp.Rmd
SummarizedExperiment,Mutant/Bin-level-analysis/Unk_temp.Rmd
anndataR,Mutant/Bin-level-analysis/Unk_temp.Rmd
arrow,Mutant/Bin-level-analysis/Unk_temp.Rmd
clusterProfiler,Mutant/Bin-level-analysis/Unk_temp.Rmd
data.table,Mutant/Bin-level-analysis/Unk_temp.Rmd
dplyr,Mutant/Bin-level-analysis/Unk_temp.Rmd
ggplot2,Mutant/Bin-level-analysis/Unk_temp.Rmd
ggspavis,Mutant/Bin-level-analysis/Unk_temp.Rmd
hdf5r,Mutant/Bin-level-analysis/Unk_temp.Rmd
org.Dm.eg.db,Mutant/Bin-level-analysis/Unk_temp.Rmd
presto,Mutant/Bin-level-analysis/Unk_temp.Rmd
readr,Mutant/Bin-level-analysis/Unk_temp.Rmd
rhdf5,Mutant/Bin-level-analysis/Unk_temp.Rmd
spacexr,Mutant/Bin-level-analysis/Unk_temp.Rmd
stringr,Mutant/Bin-level-analysis/Unk_temp.Rmd
AnnotationDbi,Mutant/Preprocessing/Seg_data.Rmd
R.utils,Mutant/Preprocessing/Seg_data.Rmd
SPOTlight,Mutant/Preprocessing/Seg_data.Rmd
Seurat,Mutant/Preprocessing/Seg_data.Rmd
SeuratDisk,Mutant/Preprocessing/Seg_data.Rmd
anndataR,Mutant/Preprocessing/Seg_data.Rmd
arrow,Mutant/Preprocessing/Seg_data.Rmd
data.table,Mutant/Preprocessing/Seg_data.Rmd
dplyr,Mutant/Preprocessing/Seg_data.Rmd
ggplot2,Mutant/Preprocessing/Seg_data.Rmd
hdf5r,Mutant/Preprocessing/Seg_data.Rmd
org.Dm.eg.db,Mutant/Preprocessing/Seg_data.Rmd
patchwork,Mutant/Preprocessing/Seg_data.Rmd
readr,Mutant/Preprocessing/Seg_data.Rmd
rhdf5,Mutant/Preprocessing/Seg_data.Rmd
sf,Mutant/Preprocessing/Seg_data.Rmd
stringr,Mutant/Preprocessing/Seg_data.Rmd
Matrix,Mutant/Preprocessing/Segmentation.Rmd
Seurat,Mutant/Preprocessing/Segmentation.Rmd
arrow,Mutant/Preprocessing/Segmentation.Rmd
data.table,Mutant/Preprocessing/Segmentation.Rmd
dplyr,Mutant/Preprocessing/Segmentation.Rmd
ggplot2,Mutant/Preprocessing/Segmentation.Rmd
grid,Mutant/Preprocessing/Segmentation.Rmd
jsonlite,Mutant/Preprocessing/Segmentation.Rmd
sf,Mutant/Preprocessing/Segmentation.Rmd
tiff,Mutant/Preprocessing/Segmentation.Rmd
AnnotationDbi,Mutant/Preprocessing/St111125.Rmd
R.utils,Mutant/Preprocessing/St111125.Rmd
SPOTlight,Mutant/Preprocessing/St111125.Rmd
Seurat,Mutant/Preprocessing/St111125.Rmd
SeuratDisk,Mutant/Preprocessing/St111125.Rmd
anndataR,Mutant/Preprocessing/St111125.Rmd
arrow,Mutant/Preprocessing/St111125.Rmd
data.table,Mutant/Preprocessing/St111125.Rmd
dplyr,Mutant/Preprocessing/St111125.Rmd
ggplot2,Mutant/Preprocessing/St111125.Rmd
hdf5r,Mutant/Preprocessing/St111125.Rmd
org.Dm.eg.db,Mutant/Preprocessing/St111125.Rmd
readr,Mutant/Preprocessing/St111125.Rmd
rhdf5,Mutant/Preprocessing/St111125.Rmd
stringr,Mutant/Preprocessing/St111125.Rmd
Seurat,Mutant/Visualizers/Online_Visualization.R
bslib,Mutant/Visualizers/Online_Visualization.R
dplyr,Mutant/Visualizers/Online_Visualization.R
ggplot2,Mutant/Visualizers/Online_Visualization.R
plotly,Mutant/Visualizers/Online_Visualization.R
shiny,Mutant/Visualizers/Online_Visualization.R
viridis,Mutant/Visualizers/Online_Visualization.R
Seurat,Mutant/Visualizers/spatial_centerline_projection.Rmd
SpatialExperiment,Mutant/Visualizers/spatial_centerline_projection.Rmd
SummarizedExperiment,Mutant/Visualizers/spatial_centerline_projection.Rmd
cowplot,Mutant/Visualizers/spatial_centerline_projection.Rmd
dplyr,Mutant/Visualizers/spatial_centerline_projection.Rmd
ggplot2,Mutant/Visualizers/spatial_centerline_projection.Rmd
mgcv,Mutant/Visualizers/spatial_centerline_projection.Rmd
patchwork,Mutant/Visualizers/spatial_centerline_projection.Rmd
png,Mutant/Visualizers/spatial_centerline_projection.Rmd
viridis,Mutant/Visualizers/spatial_centerline_projection.Rmd
Seurat,Mutant/Visualizers/spatial_gene_plotter.Rmd
dplyr,Mutant/Visualizers/spatial_gene_plotter.Rmd
ggplot2,Mutant/Visualizers/spatial_gene_plotter.Rmd
plotly,Mutant/Visualizers/spatial_gene_plotter.Rmd
viridis,Mutant/Visualizers/spatial_gene_plotter.Rmd
Seurat,Mutant/WT-Mutant comparison/CellType_Similarity_Matrix.Rmd
dplyr,Mutant/WT-Mutant comparison/CellType_Similarity_Matrix.Rmd
ggplot2,Mutant/WT-Mutant comparison/CellType_Similarity_Matrix.Rmd
pheatmap,Mutant/WT-Mutant comparison/CellType_Similarity_Matrix.Rmd
viridis,Mutant/WT-Mutant comparison/CellType_Similarity_Matrix.Rmd
Seurat,Mutant/WT-Mutant comparison/Gene_Spatial_Comparison_WT_vs_Mutant.Rmd
dplyr,Mutant/WT-Mutant comparison/Gene_Spatial_Comparison_WT_vs_Mutant.Rmd
ggplot2,Mutant/WT-Mutant comparison/Gene_Spatial_Comparison_WT_vs_Mutant.Rmd
gridExtra,Mutant/WT-Mutant comparison/Gene_Spatial_Comparison_WT_vs_Mutant.Rmd
mgcv,Mutant/WT-Mutant comparison/Gene_Spatial_Comparison_WT_vs_Mutant.Rmd
patchwork,Mutant/WT-Mutant comparison/Gene_Spatial_Comparison_WT_vs_Mutant.Rmd
pheatmap,Mutant/WT-Mutant comparison/Gene_Spatial_Comparison_WT_vs_Mutant.Rmd
zoo,Mutant/WT-Mutant comparison/Gene_Spatial_Comparison_WT_vs_Mutant.Rmd
Seurat,Mutant/WT-Mutant comparison/Global_Difference_Comparison.Rmd
dplyr,Mutant/WT-Mutant comparison/Global_Difference_Comparison.Rmd
ggplot2,Mutant/WT-Mutant comparison/Global_Difference_Comparison.Rmd
gridExtra,Mutant/WT-Mutant comparison/Global_Difference_Comparison.Rmd
patchwork,Mutant/WT-Mutant comparison/Global_Difference_Comparison.Rmd
reshape2,Mutant/WT-Mutant comparison/Global_Difference_Comparison.Rmd
scales,Mutant/WT-Mutant comparison/Global_Difference_Comparison.Rmd
viridis,Mutant/WT-Mutant comparison/Global_Difference_Comparison.Rmd
zoo,Mutant/WT-Mutant comparison/Global_Difference_Comparison.Rmd
Seurat,Mutant/WT-Mutant comparison/Global_Transcriptional_Comparison.Rmd
dplyr,Mutant/WT-Mutant comparison/Global_Transcriptional_Comparison.Rmd
ggplot2,Mutant/WT-Mutant comparison/Global_Transcriptional_Comparison.Rmd
gridExtra,Mutant/WT-Mutant comparison/Global_Transcriptional_Comparison.Rmd
patchwork,Mutant/WT-Mutant comparison/Global_Transcriptional_Comparison.Rmd
plotly,Mutant/WT-Mutant comparison/Global_Transcriptional_Comparison.Rmd
reshape2,Mutant/WT-Mutant comparison/Global_Transcriptional_Comparison.Rmd
scales,Mutant/WT-Mutant comparison/Global_Transcriptional_Comparison.Rmd
tidyr,Mutant/WT-Mutant comparison/Global_Transcriptional_Comparison.Rmd
viridis,Mutant/WT-Mutant comparison/Global_Transcriptional_Comparison.Rmd
zoo,Mutant/WT-Mutant comparison/Global_Transcriptional_Comparison.Rmd
Seurat,Mutant/WT-Mutant comparison/Hierarchical_Clustering_Of_Regions.Rmd
cluster,Mutant/WT-Mutant comparison/Hierarchical_Clustering_Of_Regions.Rmd
dendextend,Mutant/WT-Mutant comparison/Hierarchical_Clustering_Of_Regions.Rmd
dplyr,Mutant/WT-Mutant comparison/Hierarchical_Clustering_Of_Regions.Rmd
factoextra,Mutant/WT-Mutant comparison/Hierarchical_Clustering_Of_Regions.Rmd
ggplot2,Mutant/WT-Mutant comparison/Hierarchical_Clustering_Of_Regions.Rmd
knitr,Mutant/WT-Mutant comparison/Hierarchical_Clustering_Of_Regions.Rmd
reshape2,Mutant/WT-Mutant comparison/Hierarchical_Clustering_Of_Regions.Rmd
rioja,Mutant/WT-Mutant comparison/Hierarchical_Clustering_Of_Regions.Rmd
stringr,Mutant/WT-Mutant comparison/Hierarchical_Clustering_Of_Regions.Rmd
zoo,Mutant/WT-Mutant comparison/Hierarchical_Clustering_Of_Regions.Rmd
Seurat,Mutant/WT-Mutant comparison/Spatial_Profile_Comparison.Rmd
dplyr,Mutant/WT-Mutant comparison/Spatial_Profile_Comparison.Rmd
future,Mutant/WT-Mutant comparison/Spatial_Profile_Comparison.Rmd
future.apply,Mutant/WT-Mutant comparison/Spatial_Profile_Comparison.Rmd
ggplot2,Mutant/WT-Mutant comparison/Spatial_Profile_Comparison.Rmd
ggrepel,Mutant/WT-Mutant comparison/Spatial_Profile_Comparison.Rmd
gridExtra,Mutant/WT-Mutant comparison/Spatial_Profile_Comparison.Rmd
harmony,Mutant/WT-Mutant comparison/Spatial_Profile_Comparison.Rmd
patchwork,Mutant/WT-Mutant comparison/Spatial_Profile_Comparison.Rmd
pheatmap,Mutant/WT-Mutant comparison/Spatial_Profile_Comparison.Rmd
plotly,Mutant/WT-Mutant comparison/Spatial_Profile_Comparison.Rmd
shiny,Mutant/WT-Mutant comparison/Spatial_Profile_Comparison.Rmd
viridis,Mutant/WT-Mutant comparison/Spatial_Profile_Comparison.Rmd
zoo,Mutant/WT-Mutant comparison/Spatial_Profile_Comparison.Rmd
Seurat,Mutant/WT-Mutant comparison/check_fz3.R
Seurat,Mutant/WT-Mutant comparison/concordance.Rmd
clusterProfiler,Mutant/WT-Mutant comparison/concordance.Rmd
dplyr,Mutant/WT-Mutant comparison/concordance.Rmd
ggplot2,Mutant/WT-Mutant comparison/concordance.Rmd
ggpubr,Mutant/WT-Mutant comparison/concordance.Rmd
ggrepel,Mutant/WT-Mutant comparison/concordance.Rmd
org.Dm.eg.db,Mutant/WT-Mutant comparison/concordance.Rmd
readr,Mutant/WT-Mutant comparison/concordance.Rmd
reshape2,Mutant/WT-Mutant comparison/concordance.Rmd
RColorBrewer,Mutant/WT-Mutant comparison/gut3_analysis.Rmd
Seurat,Mutant/WT-Mutant comparison/gut3_analysis.Rmd
clusterProfiler,Mutant/WT-Mutant comparison/gut3_analysis.Rmd
cowplot,Mutant/WT-Mutant comparison/gut3_analysis.Rmd
dplyr,Mutant/WT-Mutant comparison/gut3_analysis.Rmd
ggplot2,Mutant/WT-Mutant comparison/gut3_analysis.Rmd
org.Dm.eg.db,Mutant/WT-Mutant comparison/gut3_analysis.Rmd
pheatmap,Mutant/WT-Mutant comparison/gut3_analysis.Rmd
viridis,Mutant/WT-Mutant comparison/gut3_analysis.Rmd
Rvcg,WT/3D model and analysis/Plot_3D_Gene_Expression.Rmd
Seurat,WT/3D model and analysis/Plot_3D_Gene_Expression.Rmd
dplyr,WT/3D model and analysis/Plot_3D_Gene_Expression.Rmd
rgl,WT/3D model and analysis/Plot_3D_Gene_Expression.Rmd
viridis,WT/3D model and analysis/Plot_3D_Gene_Expression.Rmd
Rvcg,WT/3D model and analysis/Topological_Association_ST_3D.Rmd
Seurat,WT/3D model and analysis/Topological_Association_ST_3D.Rmd
dbscan,WT/3D model and analysis/Topological_Association_ST_3D.Rmd
dplyr,WT/3D model and analysis/Topological_Association_ST_3D.Rmd
ggplot2,WT/3D model and analysis/Topological_Association_ST_3D.Rmd
rgl,WT/3D model and analysis/Topological_Association_ST_3D.Rmd
Matrix,WT/3D model and analysis/Unbiased_Genetic_Associations.Rmd
Rvcg,WT/3D model and analysis/Unbiased_Genetic_Associations.Rmd
Seurat,WT/3D model and analysis/Unbiased_Genetic_Associations.Rmd
dbscan,WT/3D model and analysis/Unbiased_Genetic_Associations.Rmd
dplyr,WT/3D model and analysis/Unbiased_Genetic_Associations.Rmd
ggplot2,WT/3D model and analysis/Unbiased_Genetic_Associations.Rmd
pheatmap,WT/3D model and analysis/Unbiased_Genetic_Associations.Rmd
rgl,WT/3D model and analysis/Unbiased_Genetic_Associations.Rmd
viridis,WT/3D model and analysis/Unbiased_Genetic_Associations.Rmd
Seurat,WT/3D model and analysis/directional_signaling_3D.Rmd
dplyr,WT/3D model and analysis/directional_signaling_3D.Rmd
jsonlite,WT/3D model and analysis/directional_signaling_3D.Rmd
readxl,WT/3D model and analysis/directional_signaling_3D.Rmd
Seurat,WT/3D model and analysis/plot_3D_expression.Rmd
dplyr,WT/3D model and analysis/plot_3D_expression.Rmd
htmlwidgets,WT/3D model and analysis/plot_3D_expression.Rmd
plotly,WT/3D model and analysis/plot_3D_expression.Rmd
Seurat,WT/3D model and analysis/plot_3D_expression_Starvation.Rmd
dplyr,WT/3D model and analysis/plot_3D_expression_Starvation.Rmd
htmlwidgets,WT/3D model and analysis/plot_3D_expression_Starvation.Rmd
plotly,WT/3D model and analysis/plot_3D_expression_Starvation.Rmd
Seurat,WT/3D model and analysis/topological_association_analysis.Rmd
clusterProfiler,WT/3D model and analysis/topological_association_analysis.Rmd
dbscan,WT/3D model and analysis/topological_association_analysis.Rmd
dplyr,WT/3D model and analysis/topological_association_analysis.Rmd
ggplot2,WT/3D model and analysis/topological_association_analysis.Rmd
org.Dm.eg.db,WT/3D model and analysis/topological_association_analysis.Rmd
plotly,WT/3D model and analysis/topological_association_analysis.Rmd
Seurat,WT/3D model and analysis/topological_association_analysis_SC.Rmd
clusterProfiler,WT/3D model and analysis/topological_association_analysis_SC.Rmd
dbscan,WT/3D model and analysis/topological_association_analysis_SC.Rmd
dplyr,WT/3D model and analysis/topological_association_analysis_SC.Rmd
ggplot2,WT/3D model and analysis/topological_association_analysis_SC.Rmd
org.Dm.eg.db,WT/3D model and analysis/topological_association_analysis_SC.Rmd
plotly,WT/3D model and analysis/topological_association_analysis_SC.Rmd
GO.db,WT/3D model and analysis/topological_scanning_analysis.Rmd
Seurat,WT/3D model and analysis/topological_scanning_analysis.Rmd
clusterProfiler,WT/3D model and analysis/topological_scanning_analysis.Rmd
dplyr,WT/3D model and analysis/topological_scanning_analysis.Rmd
org.Dm.eg.db,WT/3D model and analysis/topological_scanning_analysis.Rmd
Seurat,WT/Bin-level analysis/3D_UMAP_Analysis.Rmd
dplyr,WT/Bin-level analysis/3D_UMAP_Analysis.Rmd
ggplot2,WT/Bin-level analysis/3D_UMAP_Analysis.Rmd
monocle3,WT/Bin-level analysis/3D_UMAP_Analysis.Rmd
plotly,WT/Bin-level analysis/3D_UMAP_Analysis.Rmd
sf,WT/Bin-level analysis/3D_UMAP_Analysis.Rmd
shiny,WT/Bin-level analysis/3D_UMAP_Analysis.Rmd
viridis,WT/Bin-level analysis/3D_UMAP_Analysis.Rmd
AnnotationDbi,WT/Bin-level analysis/DOT_Deconvolution.Rmd
DOTr,WT/Bin-level analysis/DOT_Deconvolution.Rmd
Matrix,WT/Bin-level analysis/DOT_Deconvolution.Rmd
Matrix.utils,WT/Bin-level analysis/DOT_Deconvolution.Rmd
Seurat,WT/Bin-level analysis/DOT_Deconvolution.Rmd
SeuratDisk,WT/Bin-level analysis/DOT_Deconvolution.Rmd
SpatialExperiment,WT/Bin-level analysis/DOT_Deconvolution.Rmd
SummarizedExperiment,WT/Bin-level analysis/DOT_Deconvolution.Rmd
corrplot,WT/Bin-level analysis/DOT_Deconvolution.Rmd
dplyr,WT/Bin-level analysis/DOT_Deconvolution.Rmd
ggplot2,WT/Bin-level analysis/DOT_Deconvolution.Rmd
org.Dm.eg.db,WT/Bin-level analysis/DOT_Deconvolution.Rmd
patchwork,WT/Bin-level analysis/DOT_Deconvolution.Rmd
plotly,WT/Bin-level analysis/DOT_Deconvolution.Rmd
shiny,WT/Bin-level analysis/DOT_Deconvolution.Rmd
spacexr,WT/Bin-level analysis/DOT_Deconvolution.Rmd
AnnotationDbi,WT/Bin-level analysis/Processing.Rmd
Matrix,WT/Bin-level analysis/Processing.Rmd
Matrix.utils,WT/Bin-level analysis/Processing.Rmd
R.utils,WT/Bin-level analysis/Processing.Rmd
Seurat,WT/Bin-level analysis/Processing.Rmd
SeuratDisk,WT/Bin-level analysis/Processing.Rmd
SpatialExperiment,WT/Bin-level analysis/Processing.Rmd
SummarizedExperiment,WT/Bin-level analysis/Processing.Rmd
anndataR,WT/Bin-level analysis/Processing.Rmd
arrow,WT/Bin-level analysis/Processing.Rmd
data.table,WT/Bin-level analysis/Processing.Rmd
dplyr,WT/Bin-level analysis/Processing.Rmd
ggplot2,WT/Bin-level analysis/Processing.Rmd
ggspavis,WT/Bin-level analysis/Processing.Rmd
hdf5r,WT/Bin-level analysis/Processing.Rmd
org.Dm.eg.db,WT/Bin-level analysis/Processing.Rmd
readr,WT/Bin-level analysis/Processing.Rmd
rhdf5,WT/Bin-level analysis/Processing.Rmd
spacexr,WT/Bin-level analysis/Processing.Rmd
stringr,WT/Bin-level analysis/Processing.Rmd
AnnotationDbi,WT/Bin-level analysis/Region dec.Rmd
Matrix,WT/Bin-level analysis/Region dec.Rmd
Matrix.utils,WT/Bin-level analysis/Region dec.Rmd
R.utils,WT/Bin-level analysis/Region dec.Rmd
Seurat,WT/Bin-level analysis/Region dec.Rmd
SeuratDisk,WT/Bin-level analysis/Region dec.Rmd
SpatialExperiment,WT/Bin-level analysis/Region dec.Rmd
SummarizedExperiment,WT/Bin-level analysis/Region dec.Rmd
anndataR,WT/Bin-level analysis/Region dec.Rmd
arrow,WT/Bin-level analysis/Region dec.Rmd
clusterProfiler,WT/Bin-level analysis/Region dec.Rmd
data.table,WT/Bin-level analysis/Region dec.Rmd
dplyr,WT/Bin-level analysis/Region dec.Rmd
ggplot2,WT/Bin-level analysis/Region dec.Rmd
ggspavis,WT/Bin-level analysis/Region dec.Rmd
hdf5r,WT/Bin-level analysis/Region dec.Rmd
org.Dm.eg.db,WT/Bin-level analysis/Region dec.Rmd
presto,WT/Bin-level analysis/Region dec.Rmd
readr,WT/Bin-level analysis/Region dec.Rmd
rhdf5,WT/Bin-level analysis/Region dec.Rmd
spacexr,WT/Bin-level analysis/Region dec.Rmd
stringr,WT/Bin-level analysis/Region dec.Rmd
AnnotationDbi,WT/Bin-level analysis/Trajectory.Rmd
Matrix,WT/Bin-level analysis/Trajectory.Rmd
Matrix.utils,WT/Bin-level analysis/Trajectory.Rmd
R.utils,WT/Bin-level analysis/Trajectory.Rmd
RColorBrewer,WT/Bin-level analysis/Trajectory.Rmd
Seurat,WT/Bin-level analysis/Trajectory.Rmd
SeuratDisk,WT/Bin-level analysis/Trajectory.Rmd
SeuratWrappers,WT/Bin-level analysis/Trajectory.Rmd
SingleCellExperiment,WT/Bin-level analysis/Trajectory.Rmd
SpatialExperiment,WT/Bin-level analysis/Trajectory.Rmd
SummarizedExperiment,WT/Bin-level analysis/Trajectory.Rmd
anndataR,WT/Bin-level analysis/Trajectory.Rmd
arrow,WT/Bin-level analysis/Trajectory.Rmd
clusterProfiler,WT/Bin-level analysis/Trajectory.Rmd
data.table,WT/Bin-level analysis/Trajectory.Rmd
dplyr,WT/Bin-level analysis/Trajectory.Rmd
ggplot2,WT/Bin-level analysis/Trajectory.Rmd
ggspavis,WT/Bin-level analysis/Trajectory.Rmd
hdf5r,WT/Bin-level analysis/Trajectory.Rmd
monocle,WT/Bin-level analysis/Trajectory.Rmd
monocle3,WT/Bin-level analysis/Trajectory.Rmd
org.Dm.eg.db,WT/Bin-level analysis/Trajectory.Rmd
plotly,WT/Bin-level analysis/Trajectory.Rmd
presto,WT/Bin-level analysis/Trajectory.Rmd
readr,WT/Bin-level analysis/Trajectory.Rmd
reticulate,WT/Bin-level analysis/Trajectory.Rmd
rhdf5,WT/Bin-level analysis/Trajectory.Rmd
sf,WT/Bin-level analysis/Trajectory.Rmd
shiny,WT/Bin-level analysis/Trajectory.Rmd
spacexr,WT/Bin-level analysis/Trajectory.Rmd
stringr,WT/Bin-level analysis/Trajectory.Rmd
tidyr,WT/Bin-level analysis/Trajectory.Rmd
tidyverse,WT/Bin-level analysis/Trajectory.Rmd
viridis,WT/Bin-level analysis/Trajectory.Rmd
Seurat,WT/Bin-level analysis/Unk_analysis.Rmd
clusterProfiler,WT/Bin-level analysis/Unk_analysis.Rmd
dplyr,WT/Bin-level analysis/Unk_analysis.Rmd
ggplot2,WT/Bin-level analysis/Unk_analysis.Rmd
htmlwidgets,WT/Bin-level analysis/Unk_analysis.Rmd
knitr,WT/Bin-level analysis/Unk_analysis.Rmd
org.Dm.eg.db,WT/Bin-level analysis/Unk_analysis.Rmd
pheatmap,WT/Bin-level analysis/Unk_analysis.Rmd
plotly,WT/Bin-level analysis/Unk_analysis.Rmd
AnnotationDbi,WT/Bin-level analysis/Unk_temp.Rmd
Matrix,WT/Bin-level analysis/Unk_temp.Rmd
Matrix.utils,WT/Bin-level analysis/Unk_temp.Rmd
R.utils,WT/Bin-level analysis/Unk_temp.Rmd
Seurat,WT/Bin-level analysis/Unk_temp.Rmd
SeuratDisk,WT/Bin-level analysis/Unk_temp.Rmd
SpatialExperiment,WT/Bin-level analysis/Unk_temp.Rmd
SummarizedExperiment,WT/Bin-level analysis/Unk_temp.Rmd
anndataR,WT/Bin-level analysis/Unk_temp.Rmd
arrow,WT/Bin-level analysis/Unk_temp.Rmd
clusterProfiler,WT/Bin-level analysis/Unk_temp.Rmd
data.table,WT/Bin-level analysis/Unk_temp.Rmd
dplyr,WT/Bin-level analysis/Unk_temp.Rmd
ggplot2,WT/Bin-level analysis/Unk_temp.Rmd
ggspavis,WT/Bin-level analysis/Unk_temp.Rmd
hdf5r,WT/Bin-level analysis/Unk_temp.Rmd
org.Dm.eg.db,WT/Bin-level analysis/Unk_temp.Rmd
presto,WT/Bin-level analysis/Unk_temp.Rmd
readr,WT/Bin-level analysis/Unk_temp.Rmd
rhdf5,WT/Bin-level analysis/Unk_temp.Rmd
spacexr,WT/Bin-level analysis/Unk_temp.Rmd
stringr,WT/Bin-level analysis/Unk_temp.Rmd
GOSemSim,WT/GO analysis/DAVID_Functional_Analysis.Rmd
ReactomePA,WT/GO analysis/DAVID_Functional_Analysis.Rmd
Seurat,WT/GO analysis/DAVID_Functional_Analysis.Rmd
clusterProfiler,WT/GO analysis/DAVID_Functional_Analysis.Rmd
dplyr,WT/GO analysis/DAVID_Functional_Analysis.Rmd
enrichplot,WT/GO analysis/DAVID_Functional_Analysis.Rmd
ggVennDiagram,WT/GO analysis/DAVID_Functional_Analysis.Rmd
ggplot2,WT/GO analysis/DAVID_Functional_Analysis.Rmd
org.Dm.eg.db,WT/GO analysis/DAVID_Functional_Analysis.Rmd
patchwork,WT/GO analysis/DAVID_Functional_Analysis.Rmd
stringr,WT/GO analysis/DAVID_Functional_Analysis.Rmd
GOSemSim,WT/GO analysis/Deepened_GO_Analysis.Rmd
Seurat,WT/GO analysis/Deepened_GO_Analysis.Rmd
clusterProfiler,WT/GO analysis/Deepened_GO_Analysis.Rmd
dendextend,WT/GO analysis/Deepened_GO_Analysis.Rmd
dplyr,WT/GO analysis/Deepened_GO_Analysis.Rmd
enrichplot,WT/GO analysis/Deepened_GO_Analysis.Rmd
ggVennDiagram,WT/GO analysis/Deepened_GO_Analysis.Rmd
ggplot2,WT/GO analysis/Deepened_GO_Analysis.Rmd
ggsci,WT/GO analysis/Deepened_GO_Analysis.Rmd
htmlwidgets,WT/GO analysis/Deepened_GO_Analysis.Rmd
org.Dm.eg.db,WT/GO analysis/Deepened_GO_Analysis.Rmd
patchwork,WT/GO analysis/Deepened_GO_Analysis.Rmd
pheatmap,WT/GO analysis/Deepened_GO_Analysis.Rmd
plotly,WT/GO analysis/Deepened_GO_Analysis.Rmd
reshape2,WT/GO analysis/Deepened_GO_Analysis.Rmd
rioja,WT/GO analysis/Deepened_GO_Analysis.Rmd
stringr,WT/GO analysis/Deepened_GO_Analysis.Rmd
Seurat,WT/Gut structure analysis/Global_Transcriptional_Comparison.Rmd
dplyr,WT/Gut structure analysis/Global_Transcriptional_Comparison.Rmd
ggplot2,WT/Gut structure analysis/Global_Transcriptional_Comparison.Rmd
gridExtra,WT/Gut structure analysis/Global_Transcriptional_Comparison.Rmd
patchwork,WT/Gut structure analysis/Global_Transcriptional_Comparison.Rmd
plotly,WT/Gut structure analysis/Global_Transcriptional_Comparison.Rmd
reshape2,WT/Gut structure analysis/Global_Transcriptional_Comparison.Rmd
scales,WT/Gut structure analysis/Global_Transcriptional_Comparison.Rmd
tidyr,WT/Gut structure analysis/Global_Transcriptional_Comparison.Rmd
viridis,WT/Gut structure analysis/Global_Transcriptional_Comparison.Rmd
zoo,WT/Gut structure analysis/Global_Transcriptional_Comparison.Rmd
Seurat,WT/Gut structure analysis/Global_Transcriptional_Comparison_sc.Rmd
dplyr,WT/Gut structure analysis/Global_Transcriptional_Comparison_sc.Rmd
ggplot2,WT/Gut structure analysis/Global_Transcriptional_Comparison_sc.Rmd
gridExtra,WT/Gut structure analysis/Global_Transcriptional_Comparison_sc.Rmd
reshape2,WT/Gut structure analysis/Global_Transcriptional_Comparison_sc.Rmd
viridis,WT/Gut structure analysis/Global_Transcriptional_Comparison_sc.Rmd
Seurat,WT/Gut structure analysis/Hierarchical_Clustering_Of_Regions.Rmd
cluster,WT/Gut structure analysis/Hierarchical_Clustering_Of_Regions.Rmd
dendextend,WT/Gut structure analysis/Hierarchical_Clustering_Of_Regions.Rmd
dplyr,WT/Gut structure analysis/Hierarchical_Clustering_Of_Regions.Rmd
factoextra,WT/Gut structure analysis/Hierarchical_Clustering_Of_Regions.Rmd
ggplot2,WT/Gut structure analysis/Hierarchical_Clustering_Of_Regions.Rmd
knitr,WT/Gut structure analysis/Hierarchical_Clustering_Of_Regions.Rmd
reshape2,WT/Gut structure analysis/Hierarchical_Clustering_Of_Regions.Rmd
rioja,WT/Gut structure analysis/Hierarchical_Clustering_Of_Regions.Rmd
stringr,WT/Gut structure analysis/Hierarchical_Clustering_Of_Regions.Rmd
zoo,WT/Gut structure analysis/Hierarchical_Clustering_Of_Regions.Rmd
RColorBrewer,WT/Gut structure analysis/gut3_analysis.Rmd
Seurat,WT/Gut structure analysis/gut3_analysis.Rmd
clusterProfiler,WT/Gut structure analysis/gut3_analysis.Rmd
cowplot,WT/Gut structure analysis/gut3_analysis.Rmd
dplyr,WT/Gut structure analysis/gut3_analysis.Rmd
ggplot2,WT/Gut structure analysis/gut3_analysis.Rmd
org.Dm.eg.db,WT/Gut structure analysis/gut3_analysis.Rmd
pheatmap,WT/Gut structure analysis/gut3_analysis.Rmd
viridis,WT/Gut structure analysis/gut3_analysis.Rmd
AnnotationDbi,WT/Preprocessing/Seg_data.Rmd
R.utils,WT/Preprocessing/Seg_data.Rmd
SPOTlight,WT/Preprocessing/Seg_data.Rmd
Seurat,WT/Preprocessing/Seg_data.Rmd
SeuratDisk,WT/Preprocessing/Seg_data.Rmd
anndataR,WT/Preprocessing/Seg_data.Rmd
arrow,WT/Preprocessing/Seg_data.Rmd
data.table,WT/Preprocessing/Seg_data.Rmd
dplyr,WT/Preprocessing/Seg_data.Rmd
ggplot2,WT/Preprocessing/Seg_data.Rmd
hdf5r,WT/Preprocessing/Seg_data.Rmd
org.Dm.eg.db,WT/Preprocessing/Seg_data.Rmd
patchwork,WT/Preprocessing/Seg_data.Rmd
readr,WT/Preprocessing/Seg_data.Rmd
rhdf5,WT/Preprocessing/Seg_data.Rmd
sf,WT/Preprocessing/Seg_data.Rmd
stringr,WT/Preprocessing/Seg_data.Rmd
Matrix,WT/Preprocessing/Segmentation.Rmd
Seurat,WT/Preprocessing/Segmentation.Rmd
arrow,WT/Preprocessing/Segmentation.Rmd
data.table,WT/Preprocessing/Segmentation.Rmd
dplyr,WT/Preprocessing/Segmentation.Rmd
ggplot2,WT/Preprocessing/Segmentation.Rmd
grid,WT/Preprocessing/Segmentation.Rmd
jsonlite,WT/Preprocessing/Segmentation.Rmd
sf,WT/Preprocessing/Segmentation.Rmd
tiff,WT/Preprocessing/Segmentation.Rmd
AnnotationDbi,WT/Preprocessing/St111125.Rmd
R.utils,WT/Preprocessing/St111125.Rmd
SPOTlight,WT/Preprocessing/St111125.Rmd
Seurat,WT/Preprocessing/St111125.Rmd
SeuratDisk,WT/Preprocessing/St111125.Rmd
anndataR,WT/Preprocessing/St111125.Rmd
arrow,WT/Preprocessing/St111125.Rmd
data.table,WT/Preprocessing/St111125.Rmd
dplyr,WT/Preprocessing/St111125.Rmd
ggplot2,WT/Preprocessing/St111125.Rmd
hdf5r,WT/Preprocessing/St111125.Rmd
org.Dm.eg.db,WT/Preprocessing/St111125.Rmd
readr,WT/Preprocessing/St111125.Rmd
rhdf5,WT/Preprocessing/St111125.Rmd
stringr,WT/Preprocessing/St111125.Rmd
Seurat,WT/Single-cell-mapping-and-analysis/EB_Subcluster_Markers.Rmd
dplyr,WT/Single-cell-mapping-and-analysis/EB_Subcluster_Markers.Rmd
ggplot2,WT/Single-cell-mapping-and-analysis/EB_Subcluster_Markers.Rmd
patchwork,WT/Single-cell-mapping-and-analysis/EB_Subcluster_Markers.Rmd
pheatmap,WT/Single-cell-mapping-and-analysis/EB_Subcluster_Markers.Rmd
plotly,WT/Single-cell-mapping-and-analysis/EB_Subcluster_Markers.Rmd
viridis,WT/Single-cell-mapping-and-analysis/EB_Subcluster_Markers.Rmd
Matrix,WT/Single-cell-mapping-and-analysis/EE_comparison.Rmd
Matrix.utils,WT/Single-cell-mapping-and-analysis/EE_comparison.Rmd
Seurat,WT/Single-cell-mapping-and-analysis/EE_comparison.Rmd
dplyr,WT/Single-cell-mapping-and-analysis/EE_comparison.Rmd
ggplot2,WT/Single-cell-mapping-and-analysis/EE_comparison.Rmd
patchwork,WT/Single-cell-mapping-and-analysis/EE_comparison.Rmd
pheatmap,WT/Single-cell-mapping-and-analysis/EE_comparison.Rmd
Seurat,WT/Single-cell-mapping-and-analysis/LFC_analysis.Rmd
clusterProfiler,WT/Single-cell-mapping-and-analysis/LFC_analysis.Rmd
dplyr,WT/Single-cell-mapping-and-analysis/LFC_analysis.Rmd
ggplot2,WT/Single-cell-mapping-and-analysis/LFC_analysis.Rmd
htmlwidgets,WT/Single-cell-mapping-and-analysis/LFC_analysis.Rmd
knitr,WT/Single-cell-mapping-and-analysis/LFC_analysis.Rmd
org.Dm.eg.db,WT/Single-cell-mapping-and-analysis/LFC_analysis.Rmd
pheatmap,WT/Single-cell-mapping-and-analysis/LFC_analysis.Rmd
plotly,WT/Single-cell-mapping-and-analysis/LFC_analysis.Rmd
Seurat,WT/Single-cell-mapping-and-analysis/generate_renamed_heatmaps.R
dplyr,WT/Single-cell-mapping-and-analysis/generate_renamed_heatmaps.R
pheatmap,WT/Single-cell-mapping-and-analysis/generate_renamed_heatmaps.R
Seurat,WT/Single-cell-mapping-and-analysis/mEC_analysis.Rmd
dplyr,WT/Single-cell-mapping-and-analysis/mEC_analysis.Rmd
ggplot2,WT/Single-cell-mapping-and-analysis/mEC_analysis.Rmd
htmlwidgets,WT/Single-cell-mapping-and-analysis/mEC_analysis.Rmd
knitr,WT/Single-cell-mapping-and-analysis/mEC_analysis.Rmd
pheatmap,WT/Single-cell-mapping-and-analysis/mEC_analysis.Rmd
plotly,WT/Single-cell-mapping-and-analysis/mEC_analysis.Rmd
Matrix,WT/Single-cell-mapping-and-analysis/sc_spatial_dec.Rmd
Matrix.utils,WT/Single-cell-mapping-and-analysis/sc_spatial_dec.Rmd
Seurat,WT/Single-cell-mapping-and-analysis/sc_spatial_dec.Rmd
SpatialExperiment,WT/Single-cell-mapping-and-analysis/sc_spatial_dec.Rmd
SummarizedExperiment,WT/Single-cell-mapping-and-analysis/sc_spatial_dec.Rmd
dplyr,WT/Single-cell-mapping-and-analysis/sc_spatial_dec.Rmd
ggplot2,WT/Single-cell-mapping-and-analysis/sc_spatial_dec.Rmd
patchwork,WT/Single-cell-mapping-and-analysis/sc_spatial_dec.Rmd
pheatmap,WT/Single-cell-mapping-and-analysis/sc_spatial_dec.Rmd
plotly,WT/Single-cell-mapping-and-analysis/sc_spatial_dec.Rmd
presto,WT/Single-cell-mapping-and-analysis/sc_spatial_dec.Rmd
rmarkdown,WT/Single-cell-mapping-and-analysis/sc_spatial_dec.Rmd
spacexr,WT/Single-cell-mapping-and-analysis/sc_spatial_dec.Rmd
viridis,WT/Single-cell-mapping-and-analysis/sc_spatial_dec.Rmd
writexl,WT/Single-cell-mapping-and-analysis/sc_spatial_dec.Rmd
Seurat,WT/Visualizers/Online_Visualization.R
bslib,WT/Visualizers/Online_Visualization.R
dplyr,WT/Visualizers/Online_Visualization.R
ggplot2,WT/Visualizers/Online_Visualization.R
shiny,WT/Visualizers/Online_Visualization.R
viridis,WT/Visualizers/Online_Visualization.R
Seurat,WT/Visualizers/spatial_centerline_projection.Rmd
SpatialExperiment,WT/Visualizers/spatial_centerline_projection.Rmd
SummarizedExperiment,WT/Visualizers/spatial_centerline_projection.Rmd
cowplot,WT/Visualizers/spatial_centerline_projection.Rmd
dplyr,WT/Visualizers/spatial_centerline_projection.Rmd
ggplot2,WT/Visualizers/spatial_centerline_projection.Rmd
mgcv,WT/Visualizers/spatial_centerline_projection.Rmd
patchwork,WT/Visualizers/spatial_centerline_projection.Rmd
png,WT/Visualizers/spatial_centerline_projection.Rmd
viridis,WT/Visualizers/spatial_centerline_projection.Rmd
Seurat,WT/Visualizers/spatial_gene_plotter.Rmd
dplyr,WT/Visualizers/spatial_gene_plotter.Rmd
ggplot2,WT/Visualizers/spatial_gene_plotter.Rmd
plotly,WT/Visualizers/spatial_gene_plotter.Rmd
viridis,WT/Visualizers/spatial_gene_plotter.Rmd
